quien,version,threads,schedule,repeticion,segundos
Adriana,secuencial,1,static,1,17.4998
Adriana,secuencial,1,static,2,15.4737
Adriana,secuencial,1,static,3,16.5304
Adriana,secuencial,1,static,4,16.0768
Adriana,secuencial,1,static,5,7.9614
Adriana,secuencial,1,static,6,7.4201
Adriana,secuencial,1,static,7,7.3588
Adriana,secuencial,1,static,8,7.3209
Adriana,secuencial,1,static,9,7.4904
Adriana,secuencial,1,static,10,7.2305
Adriana,secuencial,1,static,11,7.2107
Adriana,secuencial,1,static,12,7.3301
Adriana,paralelo,10,static,1,3.3548
Adriana,paralelo,10,static,2,3.3355
Adriana,paralelo,10,static,3,3.1725
Adriana,paralelo,10,static,4,3.1046
Adriana,paralelo,10,static,5,3.1872
Adriana,paralelo,10,static,6,3.2003
Adriana,paralelo,10,static,7,3.2145
Adriana,paralelo,10,static,8,2.9713
Adriana,paralelo,10,static,9,2.8229
Adriana,paralelo,10,static,10,2.8237
Adriana,paralelo,10,static,11,2.9527
Adriana,paralelo,10,static,12,2.9216
Adriana,paralelo,10,guided,1,2.6499
Adriana,paralelo,10,guided,2,2.8008
Adriana,paralelo,10,guided,3,2.7565
Adriana,paralelo,10,guided,4,2.6948
Adriana,paralelo,10,guided,5,2.6606
Adriana,paralelo,10,guided,6,2.7290
Adriana,paralelo,10,guided,7,2.7904
Adriana,paralelo,10,guided,8,2.6855
Adriana,paralelo,10,guided,9,2.8538
Adriana,paralelo,10,guided,10,2.6097
Adriana,paralelo,10,guided,11,2.6445
Adriana,paralelo,10,guided,12,2.6442
Adriana,paralelo,10,dynamic,1,1,3.5235
Adriana,paralelo,10,dynamic,1,2,3.4555
Adriana,paralelo,10,dynamic,1,3,3.4934
Adriana,paralelo,10,dynamic,1,4,3.4438
Adriana,paralelo,10,dynamic,1,5,3.3884
Adriana,paralelo,10,dynamic,1,6,3.5693
Adriana,paralelo,10,dynamic,1,7,3.4383
Adriana,paralelo,10,dynamic,1,8,3.3526
Adriana,paralelo,10,dynamic,1,9,3.4164
Adriana,paralelo,10,dynamic,1,10,3.3278
Adriana,paralelo,10,dynamic,1,11,3.5428
Adriana,paralelo,10,dynamic,1,12,3.7272
Adriana,paralelo,10,dynamic,16,1,2.9248
Adriana,paralelo,10,dynamic,16,2,2.7384
Adriana,paralelo,10,dynamic,16,3,2.6542
Adriana,paralelo,10,dynamic,16,4,2.6342
Adriana,paralelo,10,dynamic,16,5,2.5223
Adriana,paralelo,10,dynamic,16,6,2.4834
Adriana,paralelo,10,dynamic,16,7,2.5930
Adriana,paralelo,10,dynamic,16,8,3.7299
Adriana,paralelo,10,dynamic,16,9,3.3764
Adriana,paralelo,10,dynamic,16,10,2.4879
Adriana,paralelo,10,dynamic,16,11,2.4915
Adriana,paralelo,10,dynamic,16,12,2.4891
Adriana,paralelo,10,dynamic,64,1,2.5047
Adriana,paralelo,10,dynamic,64,2,2.5566
Adriana,paralelo,10,dynamic,64,3,2.6406
Adriana,paralelo,10,dynamic,64,4,2.6152
Adriana,paralelo,10,dynamic,64,5,2.5236
Adriana,paralelo,10,dynamic,64,6,2.6018
Adriana,paralelo,10,dynamic,64,7,2.6161
Adriana,paralelo,10,dynamic,64,8,2.6009
Adriana,paralelo,10,dynamic,64,9,2.4704
Adriana,paralelo,10,dynamic,64,10,2.4336
Adriana,paralelo,10,dynamic,64,11,2.5294
Adriana,paralelo,10,dynamic,64,12,2.5588
Adriana,paralelo,10,dynamic,256,1,2.4769
Adriana,paralelo,10,dynamic,256,2,2.5774
Adriana,paralelo,10,dynamic,256,3,2.4550
Adriana,paralelo,10,dynamic,256,4,2.5444
Adriana,paralelo,10,dynamic,256,5,2.4845
Adriana,paralelo,10,dynamic,256,6,2.4834
Adriana,paralelo,10,dynamic,256,7,2.5592
Adriana,paralelo,10,dynamic,256,8,2.4629
Adriana,paralelo,10,dynamic,256,9,2.4463
Adriana,paralelo,10,dynamic,256,10,2.5788
Adriana,paralelo,10,dynamic,256,11,2.4171
Adriana,paralelo,10,dynamic,256,12,2.4918
Adriana,paralelo,10,dynamic,1024,1,2.7166
Adriana,paralelo,10,dynamic,1024,2,2.5974
Adriana,paralelo,10,dynamic,1024,3,2.6564
Adriana,paralelo,10,dynamic,1024,4,2.6053
Adriana,paralelo,10,dynamic,1024,5,2.5263
Adriana,paralelo,10,dynamic,1024,6,2.6120
Adriana,paralelo,10,dynamic,1024,7,2.6879
Adriana,paralelo,10,dynamic,1024,8,2.4811
Adriana,paralelo,10,dynamic,1024,9,2.5581
Adriana,paralelo,10,dynamic,1024,10,2.6143
Adriana,paralelo,10,dynamic,1024,11,2.5757
Adriana,paralelo,10,dynamic,1024,12,2.5390
Adriana,paralelo,1,dynamic,256,1,7.5407
Adriana,paralelo,1,dynamic,256,2,7.6680
Adriana,paralelo,1,dynamic,256,3,7.5380
Adriana,paralelo,1,dynamic,256,4,7.4597
Adriana,paralelo,1,dynamic,256,5,7.5032
Adriana,paralelo,1,dynamic,256,6,7.4674
Adriana,paralelo,1,dynamic,256,7,7.4314
Adriana,paralelo,1,dynamic,256,8,7.4898
Adriana,paralelo,1,dynamic,256,9,7.4080
Adriana,paralelo,1,dynamic,256,10,7.4747
Adriana,paralelo,1,dynamic,256,11,7.4411
Adriana,paralelo,1,dynamic,256,12,7.4939
Adriana,paralelo,2,dynamic,256,1,3.9313
Adriana,paralelo,2,dynamic,256,2,3.8860
Adriana,paralelo,2,dynamic,256,3,3.8996
Adriana,paralelo,2,dynamic,256,4,3.8822
Adriana,paralelo,2,dynamic,256,5,3.8659
Adriana,paralelo,2,dynamic,256,6,3.9049
Adriana,paralelo,2,dynamic,256,7,3.8977
Adriana,paralelo,2,dynamic,256,8,3.9074
Adriana,paralelo,2,dynamic,256,9,3.9102
Adriana,paralelo,2,dynamic,256,10,3.9154
Adriana,paralelo,2,dynamic,256,11,3.8629
Adriana,paralelo,2,dynamic,256,12,3.9223
Adriana,paralelo,4,dynamic,256,1,2.7653
Adriana,paralelo,4,dynamic,256,2,2.6807
Adriana,paralelo,4,dynamic,256,3,2.7509
Adriana,paralelo,4,dynamic,256,4,2.6986
Adriana,paralelo,4,dynamic,256,5,2.7800
Adriana,paralelo,4,dynamic,256,6,2.6849
Adriana,paralelo,4,dynamic,256,7,2.8054
Adriana,paralelo,4,dynamic,256,8,2.7198
Adriana,paralelo,4,dynamic,256,9,2.7857
Adriana,paralelo,4,dynamic,256,10,2.8629
Adriana,paralelo,4,dynamic,256,11,2.8639
Adriana,paralelo,4,dynamic,256,12,2.8185
Adriana,paralelo,6,dynamic,256,1,2.8761
Adriana,paralelo,6,dynamic,256,2,2.6255
Adriana,paralelo,6,dynamic,256,3,2.6886
Adriana,paralelo,6,dynamic,256,4,2.6290
Adriana,paralelo,6,dynamic,256,5,2.6000
Adriana,paralelo,6,dynamic,256,6,2.5788
Adriana,paralelo,6,dynamic,256,7,2.6155
Adriana,paralelo,6,dynamic,256,8,2.5622
Adriana,paralelo,6,dynamic,256,9,2.6921
Adriana,paralelo,6,dynamic,256,10,2.5601
Adriana,paralelo,6,dynamic,256,11,2.6535
Adriana,paralelo,6,dynamic,256,12,2.5948
Adriana,paralelo,8,dynamic,256,1,2.5599
Adriana,paralelo,8,dynamic,256,2,2.4507
Adriana,paralelo,8,dynamic,256,3,2.5783
Adriana,paralelo,8,dynamic,256,4,2.4660
Adriana,paralelo,8,dynamic,256,5,2.5163
Adriana,paralelo,8,dynamic,256,6,2.4763
Adriana,paralelo,8,dynamic,256,7,2.4833
Adriana,paralelo,8,dynamic,256,8,2.4961
Adriana,paralelo,8,dynamic,256,9,2.5235
Adriana,paralelo,8,dynamic,256,10,2.4845
Adriana,paralelo,8,dynamic,256,11,2.5107
Adriana,paralelo,8,dynamic,256,12,2.5590
